{
  "auc": 0.9981735159817352,
  "accuracy": 0.9945652173913043,
  "precision": 0.6666666666666666,
  "recall": 0.6666666666666666,
  "f1": 0.6666666666666666
}